filename,split,label,label_str
test_0000.npy,test,0,FRI
test_0001.npy,test,0,FRI
test_0002.npy,test,0,FRI
test_0003.npy,test,0,FRI
test_0004.npy,test,0,FRI
test_0005.npy,test,0,FRI
test_0006.npy,test,0,FRI
test_0007.npy,test,0,FRI
test_0008.npy,test,0,FRI
test_0009.npy,test,0,FRI
test_0010.npy,test,0,FRI
test_0011.npy,test,0,FRI
test_0012.npy,test,0,FRI
test_0013.npy,test,0,FRI
test_0014.npy,test,0,FRI
test_0015.npy,test,0,FRI
test_0016.npy,test,0,FRI
test_0017.npy,test,0,FRI
test_0018.npy,test,0,FRI
test_0019.npy,test,0,FRI
test_0020.npy,test,0,FRI
test_0021.npy,test,0,FRI
test_0022.npy,test,0,FRI
test_0023.npy,test,0,FRI
test_0024.npy,test,0,FRI
test_0025.npy,test,0,FRI
train_0000.npy,train,0,FRI
train_0001.npy,train,0,FRI
train_0002.npy,train,0,FRI
test_0026.npy,test,0,FRI
valid_0000.npy,valid,0,FRI
train_0003.npy,train,0,FRI
train_0004.npy,train,0,FRI
train_0005.npy,train,0,FRI
train_0006.npy,train,0,FRI
train_0007.npy,train,0,FRI
train_0008.npy,train,0,FRI
valid_0001.npy,valid,0,FRI
valid_0002.npy,valid,0,FRI
valid_0003.npy,valid,0,FRI
test_0027.npy,test,0,FRI
valid_0004.npy,valid,0,FRI
train_0009.npy,train,0,FRI
train_0010.npy,train,0,FRI
valid_0005.npy,valid,0,FRI
train_0011.npy,train,0,FRI
train_0012.npy,train,0,FRI
test_0028.npy,test,0,FRI
train_0013.npy,train,0,FRI
train_0014.npy,train,0,FRI
train_0015.npy,train,0,FRI
train_0016.npy,train,0,FRI
valid_0006.npy,valid,0,FRI
train_0017.npy,train,0,FRI
train_0018.npy,train,0,FRI
train_0019.npy,train,0,FRI
train_0020.npy,train,0,FRI
train_0021.npy,train,0,FRI
train_0022.npy,train,0,FRI
valid_0007.npy,valid,0,FRI
train_0023.npy,train,0,FRI
train_0024.npy,train,0,FRI
train_0025.npy,train,0,FRI
test_0029.npy,test,0,FRI
train_0026.npy,train,0,FRI
train_0027.npy,train,0,FRI
train_0028.npy,train,0,FRI
train_0029.npy,train,0,FRI
train_0030.npy,train,0,FRI
train_0031.npy,train,0,FRI
train_0032.npy,train,0,FRI
train_0033.npy,train,0,FRI
train_0034.npy,train,0,FRI
train_0035.npy,train,0,FRI
train_0036.npy,train,0,FRI
train_0037.npy,train,0,FRI
valid_0008.npy,valid,0,FRI
train_0038.npy,train,0,FRI
train_0039.npy,train,0,FRI
valid_0009.npy,valid,0,FRI
train_0040.npy,train,0,FRI
train_0041.npy,train,0,FRI
train_0042.npy,train,0,FRI
valid_0010.npy,valid,0,FRI
train_0043.npy,train,0,FRI
train_0044.npy,train,0,FRI
train_0045.npy,train,0,FRI
train_0046.npy,train,0,FRI
test_0030.npy,test,0,FRI
train_0047.npy,train,0,FRI
train_0048.npy,train,0,FRI
train_0049.npy,train,0,FRI
train_0050.npy,train,0,FRI
test_0031.npy,test,0,FRI
train_0051.npy,train,0,FRI
train_0052.npy,train,0,FRI
test_0032.npy,test,0,FRI
train_0053.npy,train,0,FRI
train_0054.npy,train,0,FRI
train_0055.npy,train,0,FRI
train_0056.npy,train,0,FRI
train_0057.npy,train,0,FRI
train_0058.npy,train,0,FRI
train_0059.npy,train,0,FRI
train_0060.npy,train,0,FRI
train_0061.npy,train,0,FRI
train_0062.npy,train,0,FRI
train_0063.npy,train,0,FRI
train_0064.npy,train,0,FRI
valid_0011.npy,valid,0,FRI
train_0065.npy,train,0,FRI
valid_0012.npy,valid,0,FRI
train_0066.npy,train,0,FRI
train_0067.npy,train,0,FRI
train_0068.npy,train,0,FRI
valid_0013.npy,valid,0,FRI
train_0069.npy,train,0,FRI
train_0070.npy,train,0,FRI
valid_0014.npy,valid,0,FRI
train_0071.npy,train,0,FRI
valid_0015.npy,valid,0,FRI
train_0072.npy,train,0,FRI
train_0073.npy,train,0,FRI
train_0074.npy,train,0,FRI
train_0075.npy,train,0,FRI
test_0033.npy,test,0,FRI
train_0076.npy,train,0,FRI
train_0077.npy,train,0,FRI
train_0078.npy,train,0,FRI
train_0079.npy,train,0,FRI
train_0080.npy,train,0,FRI
test_0034.npy,test,0,FRI
train_0081.npy,train,0,FRI
train_0082.npy,train,0,FRI
train_0083.npy,train,0,FRI
train_0084.npy,train,0,FRI
train_0085.npy,train,0,FRI
train_0086.npy,train,0,FRI
train_0087.npy,train,0,FRI
train_0088.npy,train,0,FRI
train_0089.npy,train,0,FRI
train_0090.npy,train,0,FRI
train_0091.npy,train,0,FRI
test_0035.npy,test,0,FRI
train_0092.npy,train,0,FRI
train_0093.npy,train,0,FRI
train_0094.npy,train,0,FRI
train_0095.npy,train,0,FRI
train_0096.npy,train,0,FRI
train_0097.npy,train,0,FRI
train_0098.npy,train,0,FRI
train_0099.npy,train,0,FRI
train_0100.npy,train,0,FRI
train_0101.npy,train,0,FRI
train_0102.npy,train,0,FRI
train_0103.npy,train,0,FRI
train_0104.npy,train,0,FRI
train_0105.npy,train,0,FRI
test_0036.npy,test,0,FRI
train_0106.npy,train,0,FRI
train_0107.npy,train,0,FRI
train_0108.npy,train,0,FRI
train_0109.npy,train,0,FRI
train_0110.npy,train,0,FRI
train_0111.npy,train,0,FRI
train_0112.npy,train,0,FRI
train_0113.npy,train,0,FRI
train_0114.npy,train,0,FRI
train_0115.npy,train,0,FRI
train_0116.npy,train,0,FRI
train_0117.npy,train,0,FRI
valid_0016.npy,valid,0,FRI
train_0118.npy,train,0,FRI
train_0119.npy,train,0,FRI
valid_0017.npy,valid,0,FRI
train_0120.npy,train,0,FRI
train_0121.npy,train,0,FRI
train_0122.npy,train,0,FRI
train_0123.npy,train,0,FRI
valid_0018.npy,valid,0,FRI
test_0037.npy,test,0,FRI
train_0124.npy,train,0,FRI
train_0125.npy,train,0,FRI
train_0126.npy,train,0,FRI
test_0038.npy,test,0,FRI
valid_0019.npy,valid,0,FRI
train_0127.npy,train,0,FRI
valid_0020.npy,valid,0,FRI
train_0128.npy,train,0,FRI
train_0129.npy,train,0,FRI
train_0130.npy,train,0,FRI
train_0131.npy,train,0,FRI
train_0132.npy,train,0,FRI
train_0133.npy,train,0,FRI
train_0134.npy,train,0,FRI
train_0135.npy,train,0,FRI
train_0136.npy,train,0,FRI
train_0137.npy,train,0,FRI
train_0138.npy,train,0,FRI
valid_0021.npy,valid,0,FRI
train_0139.npy,train,0,FRI
train_0140.npy,train,0,FRI
train_0141.npy,train,0,FRI
train_0142.npy,train,0,FRI
valid_0022.npy,valid,0,FRI
train_0143.npy,train,0,FRI
test_0039.npy,test,0,FRI
train_0144.npy,train,0,FRI
train_0145.npy,train,0,FRI
train_0146.npy,train,0,FRI
valid_0023.npy,valid,0,FRI
train_0147.npy,train,0,FRI
train_0148.npy,train,0,FRI
train_0149.npy,train,0,FRI
train_0150.npy,train,0,FRI
train_0151.npy,train,0,FRI
train_0152.npy,train,0,FRI
train_0153.npy,train,0,FRI
train_0154.npy,train,0,FRI
train_0155.npy,train,0,FRI
train_0156.npy,train,0,FRI
train_0157.npy,train,0,FRI
train_0158.npy,train,0,FRI
train_0159.npy,train,0,FRI
valid_0024.npy,valid,0,FRI
train_0160.npy,train,0,FRI
train_0161.npy,train,0,FRI
train_0162.npy,train,0,FRI
train_0163.npy,train,0,FRI
train_0164.npy,train,0,FRI
valid_0025.npy,valid,0,FRI
train_0165.npy,train,0,FRI
train_0166.npy,train,0,FRI
train_0167.npy,train,0,FRI
train_0168.npy,train,0,FRI
train_0169.npy,train,0,FRI
train_0170.npy,train,0,FRI
valid_0026.npy,valid,0,FRI
train_0171.npy,train,0,FRI
train_0172.npy,train,0,FRI
train_0173.npy,train,0,FRI
train_0174.npy,train,0,FRI
train_0175.npy,train,0,FRI
valid_0027.npy,valid,0,FRI
train_0176.npy,train,0,FRI
train_0177.npy,train,0,FRI
train_0178.npy,train,0,FRI
train_0179.npy,train,0,FRI
train_0180.npy,train,0,FRI
train_0181.npy,train,0,FRI
train_0182.npy,train,0,FRI
train_0183.npy,train,0,FRI
train_0184.npy,train,0,FRI
train_0185.npy,train,0,FRI
train_0186.npy,train,0,FRI
train_0187.npy,train,0,FRI
train_0188.npy,train,0,FRI
train_0189.npy,train,0,FRI
train_0190.npy,train,0,FRI
train_0191.npy,train,0,FRI
train_0192.npy,train,0,FRI
train_0193.npy,train,0,FRI
train_0194.npy,train,0,FRI
train_0195.npy,train,0,FRI
train_0196.npy,train,0,FRI
train_0197.npy,train,0,FRI
train_0198.npy,train,0,FRI
train_0199.npy,train,0,FRI
train_0200.npy,train,0,FRI
train_0201.npy,train,0,FRI
train_0202.npy,train,0,FRI
train_0203.npy,train,0,FRI
train_0204.npy,train,0,FRI
train_0205.npy,train,0,FRI
train_0206.npy,train,0,FRI
train_0207.npy,train,0,FRI
train_0208.npy,train,0,FRI
train_0209.npy,train,0,FRI
train_0210.npy,train,0,FRI
train_0211.npy,train,0,FRI
train_0212.npy,train,0,FRI
test_0040.npy,test,0,FRI
test_0041.npy,test,0,FRI
train_0213.npy,train,0,FRI
train_0214.npy,train,0,FRI
train_0215.npy,train,0,FRI
train_0216.npy,train,0,FRI
train_0217.npy,train,0,FRI
train_0218.npy,train,0,FRI
valid_0028.npy,valid,0,FRI
train_0219.npy,train,0,FRI
train_0220.npy,train,0,FRI
valid_0029.npy,valid,0,FRI
train_0221.npy,train,0,FRI
train_0222.npy,train,0,FRI
train_0223.npy,train,0,FRI
train_0224.npy,train,0,FRI
train_0225.npy,train,0,FRI
train_0226.npy,train,0,FRI
valid_0030.npy,valid,0,FRI
train_0227.npy,train,0,FRI
train_0228.npy,train,0,FRI
train_0229.npy,train,0,FRI
train_0230.npy,train,0,FRI
valid_0031.npy,valid,0,FRI
train_0231.npy,train,0,FRI
test_0042.npy,test,0,FRI
train_0232.npy,train,0,FRI
train_0233.npy,train,0,FRI
train_0234.npy,train,0,FRI
train_0235.npy,train,0,FRI
train_0236.npy,train,0,FRI
train_0237.npy,train,0,FRI
train_0238.npy,train,0,FRI
train_0239.npy,train,0,FRI
train_0240.npy,train,0,FRI
train_0241.npy,train,0,FRI
valid_0032.npy,valid,0,FRI
train_0242.npy,train,0,FRI
train_0243.npy,train,0,FRI
train_0244.npy,train,0,FRI
train_0245.npy,train,0,FRI
train_0246.npy,train,0,FRI
valid_0033.npy,valid,0,FRI
train_0247.npy,train,0,FRI
train_0248.npy,train,0,FRI
valid_0034.npy,valid,0,FRI
train_0249.npy,train,0,FRI
train_0250.npy,train,0,FRI
train_0251.npy,train,0,FRI
valid_0035.npy,valid,0,FRI
train_0252.npy,train,0,FRI
train_0253.npy,train,0,FRI
train_0254.npy,train,0,FRI
train_0255.npy,train,0,FRI
train_0256.npy,train,0,FRI
train_0257.npy,train,0,FRI
train_0258.npy,train,0,FRI
train_0259.npy,train,0,FRI
train_0260.npy,train,0,FRI
train_0261.npy,train,0,FRI
train_0262.npy,train,0,FRI
train_0263.npy,train,0,FRI
train_0264.npy,train,0,FRI
train_0265.npy,train,0,FRI
train_0266.npy,train,0,FRI
train_0267.npy,train,0,FRI
train_0268.npy,train,0,FRI
train_0269.npy,train,0,FRI
train_0270.npy,train,0,FRI
train_0271.npy,train,0,FRI
train_0272.npy,train,0,FRI
train_0273.npy,train,0,FRI
train_0274.npy,train,0,FRI
train_0275.npy,train,0,FRI
train_0276.npy,train,0,FRI
train_0277.npy,train,0,FRI
train_0278.npy,train,0,FRI
train_0279.npy,train,0,FRI
valid_0036.npy,valid,0,FRI
train_0280.npy,train,0,FRI
train_0281.npy,train,0,FRI
valid_0037.npy,valid,0,FRI
train_0282.npy,train,0,FRI
train_0283.npy,train,0,FRI
train_0284.npy,train,0,FRI
train_0285.npy,train,0,FRI
train_0286.npy,train,0,FRI
train_0287.npy,train,0,FRI
train_0288.npy,train,0,FRI
train_0289.npy,train,0,FRI
train_0290.npy,train,0,FRI
train_0291.npy,train,0,FRI
train_0292.npy,train,0,FRI
valid_0038.npy,valid,0,FRI
train_0293.npy,train,0,FRI
train_0294.npy,train,0,FRI
train_0295.npy,train,0,FRI
train_0296.npy,train,0,FRI
train_0297.npy,train,0,FRI
train_0298.npy,train,0,FRI
valid_0039.npy,valid,0,FRI
train_0299.npy,train,0,FRI
train_0300.npy,train,0,FRI
train_0301.npy,train,0,FRI
train_0302.npy,train,0,FRI
test_0043.npy,test,0,FRI
train_0303.npy,train,0,FRI
train_0304.npy,train,0,FRI
valid_0040.npy,valid,0,FRI
train_0305.npy,train,0,FRI
train_0306.npy,train,0,FRI
train_0307.npy,train,0,FRI
train_0308.npy,train,0,FRI
train_0309.npy,train,0,FRI
valid_0041.npy,valid,0,FRI
train_0310.npy,train,0,FRI
train_0311.npy,train,0,FRI
train_0312.npy,train,0,FRI
valid_0042.npy,valid,0,FRI
valid_0043.npy,valid,0,FRI
train_0313.npy,train,0,FRI
train_0314.npy,train,0,FRI
train_0315.npy,train,0,FRI
train_0316.npy,train,0,FRI
train_0317.npy,train,0,FRI
valid_0044.npy,valid,0,FRI
train_0318.npy,train,0,FRI
test_0044.npy,test,0,FRI
valid_0045.npy,valid,0,FRI
train_0319.npy,train,0,FRI
train_0320.npy,train,0,FRI
train_0321.npy,train,0,FRI
train_0322.npy,train,0,FRI
train_0323.npy,train,0,FRI
train_0324.npy,train,0,FRI
train_0325.npy,train,0,FRI
train_0326.npy,train,0,FRI
train_0327.npy,train,0,FRI
train_0328.npy,train,0,FRI
train_0329.npy,train,0,FRI
train_0330.npy,train,0,FRI
train_0331.npy,train,0,FRI
train_0332.npy,train,0,FRI
valid_0046.npy,valid,0,FRI
test_0045.npy,test,0,FRI
train_0333.npy,train,0,FRI
train_0334.npy,train,0,FRI
train_0335.npy,train,0,FRI
train_0336.npy,train,0,FRI
train_0337.npy,train,0,FRI
train_0338.npy,train,0,FRI
train_0339.npy,train,0,FRI
train_0340.npy,train,0,FRI
valid_0047.npy,valid,0,FRI
train_0341.npy,train,0,FRI
train_0342.npy,train,0,FRI
train_0343.npy,train,0,FRI
train_0344.npy,train,0,FRI
train_0345.npy,train,0,FRI
train_0346.npy,train,0,FRI
train_0347.npy,train,0,FRI
train_0348.npy,train,0,FRI
train_0349.npy,train,0,FRI
train_0350.npy,train,0,FRI
train_0351.npy,train,0,FRI
test_0046.npy,test,0,FRI
train_0352.npy,train,0,FRI
train_0353.npy,train,0,FRI
test_0047.npy,test,0,FRI
train_0354.npy,train,0,FRI
train_0355.npy,train,0,FRI
train_0356.npy,train,0,FRI
train_0357.npy,train,0,FRI
train_0358.npy,train,0,FRI
train_0359.npy,train,0,FRI
train_0360.npy,train,0,FRI
test_0048.npy,test,0,FRI
train_0361.npy,train,0,FRI
train_0362.npy,train,0,FRI
train_0363.npy,train,0,FRI
train_0364.npy,train,0,FRI
train_0365.npy,train,0,FRI
train_0366.npy,train,0,FRI
train_0367.npy,train,0,FRI
train_0368.npy,train,0,FRI
train_0369.npy,train,0,FRI
train_0370.npy,train,0,FRI
train_0371.npy,train,0,FRI
train_0372.npy,train,0,FRI
train_0373.npy,train,0,FRI
train_0374.npy,train,0,FRI
valid_0048.npy,valid,0,FRI
train_0375.npy,train,0,FRI
train_0376.npy,train,0,FRI
train_0377.npy,train,0,FRI
train_0378.npy,train,0,FRI
train_0379.npy,train,0,FRI
train_0380.npy,train,0,FRI
train_0381.npy,train,0,FRI
train_0382.npy,train,0,FRI
train_0383.npy,train,0,FRI
train_0384.npy,train,0,FRI
train_0385.npy,train,0,FRI
train_0386.npy,train,0,FRI
train_0387.npy,train,0,FRI
test_0049.npy,test,0,FRI
train_0388.npy,train,0,FRI
train_0389.npy,train,0,FRI
train_0390.npy,train,0,FRI
train_0391.npy,train,0,FRI
train_0392.npy,train,0,FRI
train_0393.npy,train,0,FRI
valid_0049.npy,valid,0,FRI
train_0394.npy,train,0,FRI
test_0050.npy,test,1,FRII
test_0051.npy,test,1,FRII
test_0052.npy,test,1,FRII
test_0053.npy,test,1,FRII
test_0054.npy,test,1,FRII
test_0055.npy,test,1,FRII
test_0056.npy,test,1,FRII
test_0057.npy,test,1,FRII
test_0058.npy,test,1,FRII
test_0059.npy,test,1,FRII
test_0060.npy,test,1,FRII
test_0061.npy,test,1,FRII
test_0062.npy,test,1,FRII
test_0063.npy,test,1,FRII
test_0064.npy,test,1,FRII
test_0065.npy,test,1,FRII
test_0066.npy,test,1,FRII
test_0067.npy,test,1,FRII
test_0068.npy,test,1,FRII
test_0069.npy,test,1,FRII
test_0070.npy,test,1,FRII
test_0071.npy,test,1,FRII
test_0072.npy,test,1,FRII
test_0073.npy,test,1,FRII
test_0074.npy,test,1,FRII
test_0075.npy,test,1,FRII
test_0076.npy,test,1,FRII
test_0077.npy,test,1,FRII
test_0078.npy,test,1,FRII
test_0079.npy,test,1,FRII
test_0080.npy,test,1,FRII
test_0081.npy,test,1,FRII
test_0082.npy,test,1,FRII
test_0083.npy,test,1,FRII
test_0084.npy,test,1,FRII
test_0085.npy,test,1,FRII
test_0086.npy,test,1,FRII
train_0395.npy,train,1,FRII
train_0396.npy,train,1,FRII
train_0397.npy,train,1,FRII
train_0398.npy,train,1,FRII
valid_0050.npy,valid,1,FRII
train_0399.npy,train,1,FRII
train_0400.npy,train,1,FRII
train_0401.npy,train,1,FRII
train_0402.npy,train,1,FRII
train_0403.npy,train,1,FRII
train_0404.npy,train,1,FRII
train_0405.npy,train,1,FRII
train_0406.npy,train,1,FRII
train_0407.npy,train,1,FRII
valid_0051.npy,valid,1,FRII
train_0408.npy,train,1,FRII
train_0409.npy,train,1,FRII
train_0410.npy,train,1,FRII
train_0411.npy,train,1,FRII
train_0412.npy,train,1,FRII
train_0413.npy,train,1,FRII
train_0414.npy,train,1,FRII
train_0415.npy,train,1,FRII
train_0416.npy,train,1,FRII
train_0417.npy,train,1,FRII
train_0418.npy,train,1,FRII
train_0419.npy,train,1,FRII
train_0420.npy,train,1,FRII
valid_0052.npy,valid,1,FRII
train_0421.npy,train,1,FRII
train_0422.npy,train,1,FRII
train_0423.npy,train,1,FRII
train_0424.npy,train,1,FRII
train_0425.npy,train,1,FRII
train_0426.npy,train,1,FRII
train_0427.npy,train,1,FRII
train_0428.npy,train,1,FRII
train_0429.npy,train,1,FRII
train_0430.npy,train,1,FRII
train_0431.npy,train,1,FRII
train_0432.npy,train,1,FRII
train_0433.npy,train,1,FRII
train_0434.npy,train,1,FRII
train_0435.npy,train,1,FRII
train_0436.npy,train,1,FRII
train_0437.npy,train,1,FRII
train_0438.npy,train,1,FRII
valid_0053.npy,valid,1,FRII
train_0439.npy,train,1,FRII
train_0440.npy,train,1,FRII
valid_0054.npy,valid,1,FRII
train_0441.npy,train,1,FRII
valid_0055.npy,valid,1,FRII
train_0442.npy,train,1,FRII
train_0443.npy,train,1,FRII
train_0444.npy,train,1,FRII
train_0445.npy,train,1,FRII
train_0446.npy,train,1,FRII
train_0447.npy,train,1,FRII
train_0448.npy,train,1,FRII
train_0449.npy,train,1,FRII
train_0450.npy,train,1,FRII
train_0451.npy,train,1,FRII
train_0452.npy,train,1,FRII
train_0453.npy,train,1,FRII
train_0454.npy,train,1,FRII
train_0455.npy,train,1,FRII
train_0456.npy,train,1,FRII
train_0457.npy,train,1,FRII
train_0458.npy,train,1,FRII
train_0459.npy,train,1,FRII
train_0460.npy,train,1,FRII
train_0461.npy,train,1,FRII
train_0462.npy,train,1,FRII
train_0463.npy,train,1,FRII
train_0464.npy,train,1,FRII
train_0465.npy,train,1,FRII
train_0466.npy,train,1,FRII
train_0467.npy,train,1,FRII
train_0468.npy,train,1,FRII
train_0469.npy,train,1,FRII
train_0470.npy,train,1,FRII
train_0471.npy,train,1,FRII
train_0472.npy,train,1,FRII
train_0473.npy,train,1,FRII
train_0474.npy,train,1,FRII
train_0475.npy,train,1,FRII
train_0476.npy,train,1,FRII
train_0477.npy,train,1,FRII
train_0478.npy,train,1,FRII
train_0479.npy,train,1,FRII
train_0480.npy,train,1,FRII
train_0481.npy,train,1,FRII
train_0482.npy,train,1,FRII
train_0483.npy,train,1,FRII
train_0484.npy,train,1,FRII
train_0485.npy,train,1,FRII
train_0486.npy,train,1,FRII
valid_0056.npy,valid,1,FRII
train_0487.npy,train,1,FRII
train_0488.npy,train,1,FRII
valid_0057.npy,valid,1,FRII
train_0489.npy,train,1,FRII
train_0490.npy,train,1,FRII
train_0491.npy,train,1,FRII
train_0492.npy,train,1,FRII
train_0493.npy,train,1,FRII
train_0494.npy,train,1,FRII
train_0495.npy,train,1,FRII
train_0496.npy,train,1,FRII
train_0497.npy,train,1,FRII
train_0498.npy,train,1,FRII
train_0499.npy,train,1,FRII
valid_0058.npy,valid,1,FRII
train_0500.npy,train,1,FRII
train_0501.npy,train,1,FRII
train_0502.npy,train,1,FRII
train_0503.npy,train,1,FRII
train_0504.npy,train,1,FRII
train_0505.npy,train,1,FRII
train_0506.npy,train,1,FRII
train_0507.npy,train,1,FRII
train_0508.npy,train,1,FRII
test_0087.npy,test,1,FRII
train_0509.npy,train,1,FRII
train_0510.npy,train,1,FRII
valid_0059.npy,valid,1,FRII
train_0511.npy,train,1,FRII
train_0512.npy,train,1,FRII
train_0513.npy,train,1,FRII
train_0514.npy,train,1,FRII
train_0515.npy,train,1,FRII
train_0516.npy,train,1,FRII
train_0517.npy,train,1,FRII
train_0518.npy,train,1,FRII
train_0519.npy,train,1,FRII
train_0520.npy,train,1,FRII
train_0521.npy,train,1,FRII
train_0522.npy,train,1,FRII
train_0523.npy,train,1,FRII
train_0524.npy,train,1,FRII
train_0525.npy,train,1,FRII
train_0526.npy,train,1,FRII
train_0527.npy,train,1,FRII
train_0528.npy,train,1,FRII
train_0529.npy,train,1,FRII
train_0530.npy,train,1,FRII
train_0531.npy,train,1,FRII
test_0088.npy,test,1,FRII
train_0532.npy,train,1,FRII
train_0533.npy,train,1,FRII
train_0534.npy,train,1,FRII
train_0535.npy,train,1,FRII
train_0536.npy,train,1,FRII
train_0537.npy,train,1,FRII
train_0538.npy,train,1,FRII
train_0539.npy,train,1,FRII
train_0540.npy,train,1,FRII
train_0541.npy,train,1,FRII
train_0542.npy,train,1,FRII
train_0543.npy,train,1,FRII
train_0544.npy,train,1,FRII
train_0545.npy,train,1,FRII
train_0546.npy,train,1,FRII
train_0547.npy,train,1,FRII
train_0548.npy,train,1,FRII
train_0549.npy,train,1,FRII
train_0550.npy,train,1,FRII
train_0551.npy,train,1,FRII
train_0552.npy,train,1,FRII
train_0553.npy,train,1,FRII
train_0554.npy,train,1,FRII
train_0555.npy,train,1,FRII
train_0556.npy,train,1,FRII
valid_0060.npy,valid,1,FRII
train_0557.npy,train,1,FRII
train_0558.npy,train,1,FRII
train_0559.npy,train,1,FRII
train_0560.npy,train,1,FRII
train_0561.npy,train,1,FRII
train_0562.npy,train,1,FRII
train_0563.npy,train,1,FRII
train_0564.npy,train,1,FRII
train_0565.npy,train,1,FRII
train_0566.npy,train,1,FRII
train_0567.npy,train,1,FRII
train_0568.npy,train,1,FRII
train_0569.npy,train,1,FRII
train_0570.npy,train,1,FRII
test_0089.npy,test,1,FRII
train_0571.npy,train,1,FRII
train_0572.npy,train,1,FRII
train_0573.npy,train,1,FRII
train_0574.npy,train,1,FRII
valid_0061.npy,valid,1,FRII
train_0575.npy,train,1,FRII
test_0090.npy,test,1,FRII
train_0576.npy,train,1,FRII
valid_0062.npy,valid,1,FRII
train_0577.npy,train,1,FRII
train_0578.npy,train,1,FRII
train_0579.npy,train,1,FRII
train_0580.npy,train,1,FRII
train_0581.npy,train,1,FRII
train_0582.npy,train,1,FRII
train_0583.npy,train,1,FRII
train_0584.npy,train,1,FRII
train_0585.npy,train,1,FRII
train_0586.npy,train,1,FRII
train_0587.npy,train,1,FRII
train_0588.npy,train,1,FRII
train_0589.npy,train,1,FRII
train_0590.npy,train,1,FRII
train_0591.npy,train,1,FRII
train_0592.npy,train,1,FRII
train_0593.npy,train,1,FRII
valid_0063.npy,valid,1,FRII
train_0594.npy,train,1,FRII
train_0595.npy,train,1,FRII
train_0596.npy,train,1,FRII
train_0597.npy,train,1,FRII
train_0598.npy,train,1,FRII
train_0599.npy,train,1,FRII
train_0600.npy,train,1,FRII
train_0601.npy,train,1,FRII
train_0602.npy,train,1,FRII
train_0603.npy,train,1,FRII
train_0604.npy,train,1,FRII
train_0605.npy,train,1,FRII
train_0606.npy,train,1,FRII
train_0607.npy,train,1,FRII
train_0608.npy,train,1,FRII
train_0609.npy,train,1,FRII
train_0610.npy,train,1,FRII
train_0611.npy,train,1,FRII
train_0612.npy,train,1,FRII
valid_0064.npy,valid,1,FRII
valid_0065.npy,valid,1,FRII
test_0091.npy,test,1,FRII
train_0613.npy,train,1,FRII
valid_0066.npy,valid,1,FRII
train_0614.npy,train,1,FRII
train_0615.npy,train,1,FRII
valid_0067.npy,valid,1,FRII
train_0616.npy,train,1,FRII
train_0617.npy,train,1,FRII
train_0618.npy,train,1,FRII
train_0619.npy,train,1,FRII
train_0620.npy,train,1,FRII
test_0092.npy,test,1,FRII
train_0621.npy,train,1,FRII
valid_0068.npy,valid,1,FRII
train_0622.npy,train,1,FRII
train_0623.npy,train,1,FRII
train_0624.npy,train,1,FRII
train_0625.npy,train,1,FRII
train_0626.npy,train,1,FRII
train_0627.npy,train,1,FRII
train_0628.npy,train,1,FRII
valid_0069.npy,valid,1,FRII
train_0629.npy,train,1,FRII
train_0630.npy,train,1,FRII
train_0631.npy,train,1,FRII
train_0632.npy,train,1,FRII
train_0633.npy,train,1,FRII
train_0634.npy,train,1,FRII
train_0635.npy,train,1,FRII
train_0636.npy,train,1,FRII
train_0637.npy,train,1,FRII
train_0638.npy,train,1,FRII
train_0639.npy,train,1,FRII
train_0640.npy,train,1,FRII
train_0641.npy,train,1,FRII
train_0642.npy,train,1,FRII
train_0643.npy,train,1,FRII
train_0644.npy,train,1,FRII
train_0645.npy,train,1,FRII
train_0646.npy,train,1,FRII
train_0647.npy,train,1,FRII
train_0648.npy,train,1,FRII
train_0649.npy,train,1,FRII
train_0650.npy,train,1,FRII
train_0651.npy,train,1,FRII
train_0652.npy,train,1,FRII
valid_0070.npy,valid,1,FRII
train_0653.npy,train,1,FRII
train_0654.npy,train,1,FRII
valid_0071.npy,valid,1,FRII
train_0655.npy,train,1,FRII
train_0656.npy,train,1,FRII
train_0657.npy,train,1,FRII
valid_0072.npy,valid,1,FRII
train_0658.npy,train,1,FRII
train_0659.npy,train,1,FRII
train_0660.npy,train,1,FRII
train_0661.npy,train,1,FRII
train_0662.npy,train,1,FRII
train_0663.npy,train,1,FRII
train_0664.npy,train,1,FRII
train_0665.npy,train,1,FRII
train_0666.npy,train,1,FRII
train_0667.npy,train,1,FRII
train_0668.npy,train,1,FRII
train_0669.npy,train,1,FRII
train_0670.npy,train,1,FRII
valid_0073.npy,valid,1,FRII
train_0671.npy,train,1,FRII
train_0672.npy,train,1,FRII
train_0673.npy,train,1,FRII
train_0674.npy,train,1,FRII
train_0675.npy,train,1,FRII
train_0676.npy,train,1,FRII
train_0677.npy,train,1,FRII
train_0678.npy,train,1,FRII
train_0679.npy,train,1,FRII
train_0680.npy,train,1,FRII
train_0681.npy,train,1,FRII
train_0682.npy,train,1,FRII
train_0683.npy,train,1,FRII
train_0684.npy,train,1,FRII
train_0685.npy,train,1,FRII
train_0686.npy,train,1,FRII
train_0687.npy,train,1,FRII
train_0688.npy,train,1,FRII
train_0689.npy,train,1,FRII
train_0690.npy,train,1,FRII
train_0691.npy,train,1,FRII
train_0692.npy,train,1,FRII
train_0693.npy,train,1,FRII
train_0694.npy,train,1,FRII
train_0695.npy,train,1,FRII
train_0696.npy,train,1,FRII
train_0697.npy,train,1,FRII
train_0698.npy,train,1,FRII
train_0699.npy,train,1,FRII
train_0700.npy,train,1,FRII
train_0701.npy,train,1,FRII
train_0702.npy,train,1,FRII
train_0703.npy,train,1,FRII
train_0704.npy,train,1,FRII
train_0705.npy,train,1,FRII
train_0706.npy,train,1,FRII
train_0707.npy,train,1,FRII
train_0708.npy,train,1,FRII
train_0709.npy,train,1,FRII
train_0710.npy,train,1,FRII
train_0711.npy,train,1,FRII
train_0712.npy,train,1,FRII
train_0713.npy,train,1,FRII
train_0714.npy,train,1,FRII
train_0715.npy,train,1,FRII
train_0716.npy,train,1,FRII
train_0717.npy,train,1,FRII
train_0718.npy,train,1,FRII
train_0719.npy,train,1,FRII
train_0720.npy,train,1,FRII
train_0721.npy,train,1,FRII
train_0722.npy,train,1,FRII
train_0723.npy,train,1,FRII
train_0724.npy,train,1,FRII
train_0725.npy,train,1,FRII
train_0726.npy,train,1,FRII
train_0727.npy,train,1,FRII
train_0728.npy,train,1,FRII
train_0729.npy,train,1,FRII
train_0730.npy,train,1,FRII
train_0731.npy,train,1,FRII
train_0732.npy,train,1,FRII
train_0733.npy,train,1,FRII
train_0734.npy,train,1,FRII
train_0735.npy,train,1,FRII
train_0736.npy,train,1,FRII
train_0737.npy,train,1,FRII
train_0738.npy,train,1,FRII
train_0739.npy,train,1,FRII
train_0740.npy,train,1,FRII
train_0741.npy,train,1,FRII
train_0742.npy,train,1,FRII
train_0743.npy,train,1,FRII
train_0744.npy,train,1,FRII
train_0745.npy,train,1,FRII
train_0746.npy,train,1,FRII
train_0747.npy,train,1,FRII
train_0748.npy,train,1,FRII
train_0749.npy,train,1,FRII
train_0750.npy,train,1,FRII
valid_0074.npy,valid,1,FRII
train_0751.npy,train,1,FRII
train_0752.npy,train,1,FRII
train_0753.npy,train,1,FRII
train_0754.npy,train,1,FRII
test_0093.npy,test,1,FRII
train_0755.npy,train,1,FRII
train_0756.npy,train,1,FRII
train_0757.npy,train,1,FRII
train_0758.npy,train,1,FRII
train_0759.npy,train,1,FRII
train_0760.npy,train,1,FRII
valid_0075.npy,valid,1,FRII
train_0761.npy,train,1,FRII
train_0762.npy,train,1,FRII
train_0763.npy,train,1,FRII
train_0764.npy,train,1,FRII
train_0765.npy,train,1,FRII
train_0766.npy,train,1,FRII
train_0767.npy,train,1,FRII
train_0768.npy,train,1,FRII
train_0769.npy,train,1,FRII
train_0770.npy,train,1,FRII
train_0771.npy,train,1,FRII
train_0772.npy,train,1,FRII
train_0773.npy,train,1,FRII
train_0774.npy,train,1,FRII
valid_0076.npy,valid,1,FRII
train_0775.npy,train,1,FRII
train_0776.npy,train,1,FRII
train_0777.npy,train,1,FRII
train_0778.npy,train,1,FRII
train_0779.npy,train,1,FRII
train_0780.npy,train,1,FRII
train_0781.npy,train,1,FRII
train_0782.npy,train,1,FRII
train_0783.npy,train,1,FRII
valid_0077.npy,valid,1,FRII
train_0784.npy,train,1,FRII
train_0785.npy,train,1,FRII
train_0786.npy,train,1,FRII
train_0787.npy,train,1,FRII
train_0788.npy,train,1,FRII
train_0789.npy,train,1,FRII
train_0790.npy,train,1,FRII
train_0791.npy,train,1,FRII
train_0792.npy,train,1,FRII
train_0793.npy,train,1,FRII
train_0794.npy,train,1,FRII
train_0795.npy,train,1,FRII
train_0796.npy,train,1,FRII
train_0797.npy,train,1,FRII
train_0798.npy,train,1,FRII
train_0799.npy,train,1,FRII
train_0800.npy,train,1,FRII
train_0801.npy,train,1,FRII
valid_0078.npy,valid,1,FRII
train_0802.npy,train,1,FRII
train_0803.npy,train,1,FRII
train_0804.npy,train,1,FRII
train_0805.npy,train,1,FRII
train_0806.npy,train,1,FRII
train_0807.npy,train,1,FRII
train_0808.npy,train,1,FRII
train_0809.npy,train,1,FRII
train_0810.npy,train,1,FRII
train_0811.npy,train,1,FRII
train_0812.npy,train,1,FRII
train_0813.npy,train,1,FRII
train_0814.npy,train,1,FRII
train_0815.npy,train,1,FRII
train_0816.npy,train,1,FRII
train_0817.npy,train,1,FRII
test_0094.npy,test,1,FRII
train_0818.npy,train,1,FRII
train_0819.npy,train,1,FRII
train_0820.npy,train,1,FRII
train_0821.npy,train,1,FRII
train_0822.npy,train,1,FRII
train_0823.npy,train,1,FRII
train_0824.npy,train,1,FRII
train_0825.npy,train,1,FRII
train_0826.npy,train,1,FRII
train_0827.npy,train,1,FRII
train_0828.npy,train,1,FRII
train_0829.npy,train,1,FRII
train_0830.npy,train,1,FRII
train_0831.npy,train,1,FRII
train_0832.npy,train,1,FRII
train_0833.npy,train,1,FRII
train_0834.npy,train,1,FRII
valid_0079.npy,valid,1,FRII
train_0835.npy,train,1,FRII
train_0836.npy,train,1,FRII
train_0837.npy,train,1,FRII
train_0838.npy,train,1,FRII
train_0839.npy,train,1,FRII
train_0840.npy,train,1,FRII
train_0841.npy,train,1,FRII
train_0842.npy,train,1,FRII
train_0843.npy,train,1,FRII
train_0844.npy,train,1,FRII
train_0845.npy,train,1,FRII
train_0846.npy,train,1,FRII
train_0847.npy,train,1,FRII
test_0095.npy,test,1,FRII
train_0848.npy,train,1,FRII
train_0849.npy,train,1,FRII
train_0850.npy,train,1,FRII
train_0851.npy,train,1,FRII
train_0852.npy,train,1,FRII
train_0853.npy,train,1,FRII
valid_0080.npy,valid,1,FRII
train_0854.npy,train,1,FRII
train_0855.npy,train,1,FRII
train_0856.npy,train,1,FRII
train_0857.npy,train,1,FRII
train_0858.npy,train,1,FRII
train_0859.npy,train,1,FRII
train_0860.npy,train,1,FRII
train_0861.npy,train,1,FRII
train_0862.npy,train,1,FRII
train_0863.npy,train,1,FRII
train_0864.npy,train,1,FRII
train_0865.npy,train,1,FRII
train_0866.npy,train,1,FRII
train_0867.npy,train,1,FRII
train_0868.npy,train,1,FRII
train_0869.npy,train,1,FRII
train_0870.npy,train,1,FRII
train_0871.npy,train,1,FRII
train_0872.npy,train,1,FRII
train_0873.npy,train,1,FRII
train_0874.npy,train,1,FRII
train_0875.npy,train,1,FRII
train_0876.npy,train,1,FRII
valid_0081.npy,valid,1,FRII
train_0877.npy,train,1,FRII
train_0878.npy,train,1,FRII
train_0879.npy,train,1,FRII
train_0880.npy,train,1,FRII
train_0881.npy,train,1,FRII
train_0882.npy,train,1,FRII
train_0883.npy,train,1,FRII
train_0884.npy,train,1,FRII
train_0885.npy,train,1,FRII
train_0886.npy,train,1,FRII
train_0887.npy,train,1,FRII
train_0888.npy,train,1,FRII
train_0889.npy,train,1,FRII
train_0890.npy,train,1,FRII
train_0891.npy,train,1,FRII
train_0892.npy,train,1,FRII
train_0893.npy,train,1,FRII
valid_0082.npy,valid,1,FRII
train_0894.npy,train,1,FRII
train_0895.npy,train,1,FRII
train_0896.npy,train,1,FRII
train_0897.npy,train,1,FRII
train_0898.npy,train,1,FRII
valid_0083.npy,valid,1,FRII
train_0899.npy,train,1,FRII
train_0900.npy,train,1,FRII
train_0901.npy,train,1,FRII
train_0902.npy,train,1,FRII
train_0903.npy,train,1,FRII
train_0904.npy,train,1,FRII
train_0905.npy,train,1,FRII
train_0906.npy,train,1,FRII
train_0907.npy,train,1,FRII
valid_0084.npy,valid,1,FRII
train_0908.npy,train,1,FRII
train_0909.npy,train,1,FRII
train_0910.npy,train,1,FRII
train_0911.npy,train,1,FRII
train_0912.npy,train,1,FRII
train_0913.npy,train,1,FRII
train_0914.npy,train,1,FRII
train_0915.npy,train,1,FRII
train_0916.npy,train,1,FRII
train_0917.npy,train,1,FRII
train_0918.npy,train,1,FRII
train_0919.npy,train,1,FRII
train_0920.npy,train,1,FRII
train_0921.npy,train,1,FRII
train_0922.npy,train,1,FRII
train_0923.npy,train,1,FRII
train_0924.npy,train,1,FRII
train_0925.npy,train,1,FRII
train_0926.npy,train,1,FRII
train_0927.npy,train,1,FRII
valid_0085.npy,valid,1,FRII
train_0928.npy,train,1,FRII
train_0929.npy,train,1,FRII
train_0930.npy,train,1,FRII
train_0931.npy,train,1,FRII
train_0932.npy,train,1,FRII
valid_0086.npy,valid,1,FRII
train_0933.npy,train,1,FRII
train_0934.npy,train,1,FRII
train_0935.npy,train,1,FRII
train_0936.npy,train,1,FRII
train_0937.npy,train,1,FRII
train_0938.npy,train,1,FRII
train_0939.npy,train,1,FRII
train_0940.npy,train,1,FRII
train_0941.npy,train,1,FRII
train_0942.npy,train,1,FRII
train_0943.npy,train,1,FRII
train_0944.npy,train,1,FRII
train_0945.npy,train,1,FRII
train_0946.npy,train,1,FRII
train_0947.npy,train,1,FRII
train_0948.npy,train,1,FRII
valid_0087.npy,valid,1,FRII
train_0949.npy,train,1,FRII
train_0950.npy,train,1,FRII
train_0951.npy,train,1,FRII
train_0952.npy,train,1,FRII
train_0953.npy,train,1,FRII
train_0954.npy,train,1,FRII
train_0955.npy,train,1,FRII
train_0956.npy,train,1,FRII
train_0957.npy,train,1,FRII
train_0958.npy,train,1,FRII
train_0959.npy,train,1,FRII
train_0960.npy,train,1,FRII
train_0961.npy,train,1,FRII
train_0962.npy,train,1,FRII
train_0963.npy,train,1,FRII
train_0964.npy,train,1,FRII
train_0965.npy,train,1,FRII
train_0966.npy,train,1,FRII
train_0967.npy,train,1,FRII
train_0968.npy,train,1,FRII
train_0969.npy,train,1,FRII
train_0970.npy,train,1,FRII
train_0971.npy,train,1,FRII
train_0972.npy,train,1,FRII
train_0973.npy,train,1,FRII
train_0974.npy,train,1,FRII
train_0975.npy,train,1,FRII
train_0976.npy,train,1,FRII
train_0977.npy,train,1,FRII
train_0978.npy,train,1,FRII
train_0979.npy,train,1,FRII
train_0980.npy,train,1,FRII
train_0981.npy,train,1,FRII
train_0982.npy,train,1,FRII
train_0983.npy,train,1,FRII
train_0984.npy,train,1,FRII
train_0985.npy,train,1,FRII
train_0986.npy,train,1,FRII
train_0987.npy,train,1,FRII
train_0988.npy,train,1,FRII
train_0989.npy,train,1,FRII
train_0990.npy,train,1,FRII
train_0991.npy,train,1,FRII
train_0992.npy,train,1,FRII
train_0993.npy,train,1,FRII
train_0994.npy,train,1,FRII
train_0995.npy,train,1,FRII
valid_0088.npy,valid,1,FRII
train_0996.npy,train,1,FRII
train_0997.npy,train,1,FRII
train_0998.npy,train,1,FRII
train_0999.npy,train,1,FRII
train_1000.npy,train,1,FRII
train_1001.npy,train,1,FRII
train_1002.npy,train,1,FRII
train_1003.npy,train,1,FRII
train_1004.npy,train,1,FRII
valid_0089.npy,valid,1,FRII
test_0096.npy,test,1,FRII
train_1005.npy,train,1,FRII
train_1006.npy,train,1,FRII
train_1007.npy,train,1,FRII
valid_0090.npy,valid,1,FRII
train_1008.npy,train,1,FRII
train_1009.npy,train,1,FRII
train_1010.npy,train,1,FRII
train_1011.npy,train,1,FRII
train_1012.npy,train,1,FRII
train_1013.npy,train,1,FRII
train_1014.npy,train,1,FRII
valid_0091.npy,valid,1,FRII
train_1015.npy,train,1,FRII
train_1016.npy,train,1,FRII
train_1017.npy,train,1,FRII
train_1018.npy,train,1,FRII
train_1019.npy,train,1,FRII
train_1020.npy,train,1,FRII
train_1021.npy,train,1,FRII
train_1022.npy,train,1,FRII
train_1023.npy,train,1,FRII
train_1024.npy,train,1,FRII
train_1025.npy,train,1,FRII
train_1026.npy,train,1,FRII
train_1027.npy,train,1,FRII
train_1028.npy,train,1,FRII
train_1029.npy,train,1,FRII
train_1030.npy,train,1,FRII
train_1031.npy,train,1,FRII
train_1032.npy,train,1,FRII
test_0097.npy,test,1,FRII
train_1033.npy,train,1,FRII
train_1034.npy,train,1,FRII
train_1035.npy,train,1,FRII
train_1036.npy,train,1,FRII
train_1037.npy,train,1,FRII
train_1038.npy,train,1,FRII
train_1039.npy,train,1,FRII
train_1040.npy,train,1,FRII
train_1041.npy,train,1,FRII
train_1042.npy,train,1,FRII
train_1043.npy,train,1,FRII
train_1044.npy,train,1,FRII
train_1045.npy,train,1,FRII
train_1046.npy,train,1,FRII
train_1047.npy,train,1,FRII
train_1048.npy,train,1,FRII
train_1049.npy,train,1,FRII
train_1050.npy,train,1,FRII
train_1051.npy,train,1,FRII
train_1052.npy,train,1,FRII
train_1053.npy,train,1,FRII
train_1054.npy,train,1,FRII
train_1055.npy,train,1,FRII
train_1056.npy,train,1,FRII
train_1057.npy,train,1,FRII
train_1058.npy,train,1,FRII
train_1059.npy,train,1,FRII
train_1060.npy,train,1,FRII
train_1061.npy,train,1,FRII
train_1062.npy,train,1,FRII
train_1063.npy,train,1,FRII
train_1064.npy,train,1,FRII
train_1065.npy,train,1,FRII
valid_0092.npy,valid,1,FRII
train_1066.npy,train,1,FRII
train_1067.npy,train,1,FRII
train_1068.npy,train,1,FRII
train_1069.npy,train,1,FRII
train_1070.npy,train,1,FRII
train_1071.npy,train,1,FRII
train_1072.npy,train,1,FRII
train_1073.npy,train,1,FRII
train_1074.npy,train,1,FRII
train_1075.npy,train,1,FRII
train_1076.npy,train,1,FRII
train_1077.npy,train,1,FRII
train_1078.npy,train,1,FRII
train_1079.npy,train,1,FRII
train_1080.npy,train,1,FRII
train_1081.npy,train,1,FRII
valid_0093.npy,valid,1,FRII
train_1082.npy,train,1,FRII
train_1083.npy,train,1,FRII
train_1084.npy,train,1,FRII
train_1085.npy,train,1,FRII
train_1086.npy,train,1,FRII
train_1087.npy,train,1,FRII
train_1088.npy,train,1,FRII
valid_0094.npy,valid,1,FRII
train_1089.npy,train,1,FRII
train_1090.npy,train,1,FRII
train_1091.npy,train,1,FRII
train_1092.npy,train,1,FRII
train_1093.npy,train,1,FRII
train_1094.npy,train,1,FRII
train_1095.npy,train,1,FRII
test_0098.npy,test,1,FRII
train_1096.npy,train,1,FRII
train_1097.npy,train,1,FRII
train_1098.npy,train,1,FRII
train_1099.npy,train,1,FRII
train_1100.npy,train,1,FRII
train_1101.npy,train,1,FRII
train_1102.npy,train,1,FRII
train_1103.npy,train,1,FRII
train_1104.npy,train,1,FRII
train_1105.npy,train,1,FRII
train_1106.npy,train,1,FRII
train_1107.npy,train,1,FRII
train_1108.npy,train,1,FRII
valid_0095.npy,valid,1,FRII
train_1109.npy,train,1,FRII
train_1110.npy,train,1,FRII
train_1111.npy,train,1,FRII
valid_0096.npy,valid,1,FRII
train_1112.npy,train,1,FRII
train_1113.npy,train,1,FRII
train_1114.npy,train,1,FRII
train_1115.npy,train,1,FRII
train_1116.npy,train,1,FRII
train_1117.npy,train,1,FRII
train_1118.npy,train,1,FRII
train_1119.npy,train,1,FRII
train_1120.npy,train,1,FRII
train_1121.npy,train,1,FRII
train_1122.npy,train,1,FRII
train_1123.npy,train,1,FRII
train_1124.npy,train,1,FRII
train_1125.npy,train,1,FRII
train_1126.npy,train,1,FRII
valid_0097.npy,valid,1,FRII
train_1127.npy,train,1,FRII
train_1128.npy,train,1,FRII
train_1129.npy,train,1,FRII
train_1130.npy,train,1,FRII
train_1131.npy,train,1,FRII
train_1132.npy,train,1,FRII
train_1133.npy,train,1,FRII
train_1134.npy,train,1,FRII
train_1135.npy,train,1,FRII
train_1136.npy,train,1,FRII
train_1137.npy,train,1,FRII
train_1138.npy,train,1,FRII
train_1139.npy,train,1,FRII
train_1140.npy,train,1,FRII
train_1141.npy,train,1,FRII
train_1142.npy,train,1,FRII
train_1143.npy,train,1,FRII
train_1144.npy,train,1,FRII
train_1145.npy,train,1,FRII
train_1146.npy,train,1,FRII
train_1147.npy,train,1,FRII
train_1148.npy,train,1,FRII
train_1149.npy,train,1,FRII
train_1150.npy,train,1,FRII
train_1151.npy,train,1,FRII
train_1152.npy,train,1,FRII
train_1153.npy,train,1,FRII
train_1154.npy,train,1,FRII
train_1155.npy,train,1,FRII
train_1156.npy,train,1,FRII
train_1157.npy,train,1,FRII
train_1158.npy,train,1,FRII
train_1159.npy,train,1,FRII
train_1160.npy,train,1,FRII
train_1161.npy,train,1,FRII
train_1162.npy,train,1,FRII
test_0099.npy,test,1,FRII
train_1163.npy,train,1,FRII
train_1164.npy,train,1,FRII
train_1165.npy,train,1,FRII
train_1166.npy,train,1,FRII
train_1167.npy,train,1,FRII
train_1168.npy,train,1,FRII
train_1169.npy,train,1,FRII
train_1170.npy,train,1,FRII
train_1171.npy,train,1,FRII
train_1172.npy,train,1,FRII
train_1173.npy,train,1,FRII
train_1174.npy,train,1,FRII
train_1175.npy,train,1,FRII
train_1176.npy,train,1,FRII
train_1177.npy,train,1,FRII
train_1178.npy,train,1,FRII
train_1179.npy,train,1,FRII
train_1180.npy,train,1,FRII
train_1181.npy,train,1,FRII
train_1182.npy,train,1,FRII
train_1183.npy,train,1,FRII
train_1184.npy,train,1,FRII
train_1185.npy,train,1,FRII
train_1186.npy,train,1,FRII
train_1187.npy,train,1,FRII
train_1188.npy,train,1,FRII
train_1189.npy,train,1,FRII
train_1190.npy,train,1,FRII
valid_0098.npy,valid,1,FRII
train_1191.npy,train,1,FRII
train_1192.npy,train,1,FRII
train_1193.npy,train,1,FRII
train_1194.npy,train,1,FRII
valid_0099.npy,valid,1,FRII
train_1195.npy,train,1,FRII
train_1196.npy,train,1,FRII
train_1197.npy,train,1,FRII
train_1198.npy,train,1,FRII
train_1199.npy,train,1,FRII
train_1200.npy,train,1,FRII
train_1201.npy,train,1,FRII
train_1202.npy,train,1,FRII
train_1203.npy,train,1,FRII
train_1204.npy,train,1,FRII
train_1205.npy,train,1,FRII
train_1206.npy,train,1,FRII
train_1207.npy,train,1,FRII
train_1208.npy,train,1,FRII
train_1209.npy,train,1,FRII
train_1210.npy,train,1,FRII
train_1211.npy,train,1,FRII
train_1212.npy,train,1,FRII
train_1213.npy,train,1,FRII
train_1214.npy,train,1,FRII
train_1215.npy,train,1,FRII
train_1216.npy,train,1,FRII
train_1217.npy,train,1,FRII
train_1218.npy,train,1,FRII
test_0100.npy,test,2,Compact
test_0101.npy,test,2,Compact
test_0102.npy,test,2,Compact
test_0103.npy,test,2,Compact
test_0104.npy,test,2,Compact
test_0105.npy,test,2,Compact
test_0106.npy,test,2,Compact
test_0107.npy,test,2,Compact
test_0108.npy,test,2,Compact
test_0109.npy,test,2,Compact
test_0110.npy,test,2,Compact
test_0111.npy,test,2,Compact
test_0112.npy,test,2,Compact
test_0113.npy,test,2,Compact
test_0114.npy,test,2,Compact
test_0115.npy,test,2,Compact
test_0116.npy,test,2,Compact
train_1219.npy,train,2,Compact
train_1220.npy,train,2,Compact
train_1221.npy,train,2,Compact
test_0117.npy,test,2,Compact
train_1222.npy,train,2,Compact
train_1223.npy,train,2,Compact
train_1224.npy,train,2,Compact
train_1225.npy,train,2,Compact
valid_0100.npy,valid,2,Compact
train_1226.npy,train,2,Compact
train_1227.npy,train,2,Compact
train_1228.npy,train,2,Compact
train_1229.npy,train,2,Compact
test_0118.npy,test,2,Compact
train_1230.npy,train,2,Compact
train_1231.npy,train,2,Compact
valid_0101.npy,valid,2,Compact
train_1232.npy,train,2,Compact
train_1233.npy,train,2,Compact
test_0119.npy,test,2,Compact
train_1234.npy,train,2,Compact
train_1235.npy,train,2,Compact
train_1236.npy,train,2,Compact
train_1237.npy,train,2,Compact
train_1238.npy,train,2,Compact
train_1239.npy,train,2,Compact
train_1240.npy,train,2,Compact
train_1241.npy,train,2,Compact
train_1242.npy,train,2,Compact
train_1243.npy,train,2,Compact
valid_0102.npy,valid,2,Compact
train_1244.npy,train,2,Compact
valid_0103.npy,valid,2,Compact
train_1245.npy,train,2,Compact
train_1246.npy,train,2,Compact
train_1247.npy,train,2,Compact
valid_0104.npy,valid,2,Compact
train_1248.npy,train,2,Compact
train_1249.npy,train,2,Compact
valid_0105.npy,valid,2,Compact
train_1250.npy,train,2,Compact
train_1251.npy,train,2,Compact
train_1252.npy,train,2,Compact
train_1253.npy,train,2,Compact
train_1254.npy,train,2,Compact
train_1255.npy,train,2,Compact
valid_0106.npy,valid,2,Compact
train_1256.npy,train,2,Compact
train_1257.npy,train,2,Compact
valid_0107.npy,valid,2,Compact
test_0120.npy,test,2,Compact
train_1258.npy,train,2,Compact
train_1259.npy,train,2,Compact
train_1260.npy,train,2,Compact
train_1261.npy,train,2,Compact
train_1262.npy,train,2,Compact
train_1263.npy,train,2,Compact
test_0121.npy,test,2,Compact
train_1264.npy,train,2,Compact
train_1265.npy,train,2,Compact
train_1266.npy,train,2,Compact
train_1267.npy,train,2,Compact
train_1268.npy,train,2,Compact
test_0122.npy,test,2,Compact
train_1269.npy,train,2,Compact
train_1270.npy,train,2,Compact
train_1271.npy,train,2,Compact
valid_0108.npy,valid,2,Compact
train_1272.npy,train,2,Compact
train_1273.npy,train,2,Compact
test_0123.npy,test,2,Compact
valid_0109.npy,valid,2,Compact
train_1274.npy,train,2,Compact
train_1275.npy,train,2,Compact
train_1276.npy,train,2,Compact
train_1277.npy,train,2,Compact
train_1278.npy,train,2,Compact
valid_0110.npy,valid,2,Compact
train_1279.npy,train,2,Compact
train_1280.npy,train,2,Compact
train_1281.npy,train,2,Compact
train_1282.npy,train,2,Compact
train_1283.npy,train,2,Compact
train_1284.npy,train,2,Compact
train_1285.npy,train,2,Compact
train_1286.npy,train,2,Compact
train_1287.npy,train,2,Compact
train_1288.npy,train,2,Compact
valid_0111.npy,valid,2,Compact
train_1289.npy,train,2,Compact
train_1290.npy,train,2,Compact
train_1291.npy,train,2,Compact
train_1292.npy,train,2,Compact
train_1293.npy,train,2,Compact
test_0124.npy,test,2,Compact
train_1294.npy,train,2,Compact
train_1295.npy,train,2,Compact
train_1296.npy,train,2,Compact
train_1297.npy,train,2,Compact
train_1298.npy,train,2,Compact
valid_0112.npy,valid,2,Compact
train_1299.npy,train,2,Compact
test_0125.npy,test,2,Compact
valid_0113.npy,valid,2,Compact
valid_0114.npy,valid,2,Compact
train_1300.npy,train,2,Compact
train_1301.npy,train,2,Compact
train_1302.npy,train,2,Compact
train_1303.npy,train,2,Compact
train_1304.npy,train,2,Compact
train_1305.npy,train,2,Compact
valid_0115.npy,valid,2,Compact
valid_0116.npy,valid,2,Compact
train_1306.npy,train,2,Compact
valid_0117.npy,valid,2,Compact
train_1307.npy,train,2,Compact
train_1308.npy,train,2,Compact
train_1309.npy,train,2,Compact
train_1310.npy,train,2,Compact
train_1311.npy,train,2,Compact
train_1312.npy,train,2,Compact
train_1313.npy,train,2,Compact
train_1314.npy,train,2,Compact
train_1315.npy,train,2,Compact
train_1316.npy,train,2,Compact
train_1317.npy,train,2,Compact
train_1318.npy,train,2,Compact
train_1319.npy,train,2,Compact
train_1320.npy,train,2,Compact
train_1321.npy,train,2,Compact
train_1322.npy,train,2,Compact
train_1323.npy,train,2,Compact
valid_0118.npy,valid,2,Compact
train_1324.npy,train,2,Compact
train_1325.npy,train,2,Compact
train_1326.npy,train,2,Compact
train_1327.npy,train,2,Compact
train_1328.npy,train,2,Compact
train_1329.npy,train,2,Compact
train_1330.npy,train,2,Compact
train_1331.npy,train,2,Compact
train_1332.npy,train,2,Compact
train_1333.npy,train,2,Compact
valid_0119.npy,valid,2,Compact
train_1334.npy,train,2,Compact
train_1335.npy,train,2,Compact
train_1336.npy,train,2,Compact
valid_0120.npy,valid,2,Compact
train_1337.npy,train,2,Compact
valid_0121.npy,valid,2,Compact
train_1338.npy,train,2,Compact
train_1339.npy,train,2,Compact
valid_0122.npy,valid,2,Compact
train_1340.npy,train,2,Compact
valid_0123.npy,valid,2,Compact
train_1341.npy,train,2,Compact
train_1342.npy,train,2,Compact
train_1343.npy,train,2,Compact
valid_0124.npy,valid,2,Compact
train_1344.npy,train,2,Compact
train_1345.npy,train,2,Compact
train_1346.npy,train,2,Compact
train_1347.npy,train,2,Compact
train_1348.npy,train,2,Compact
train_1349.npy,train,2,Compact
test_0126.npy,test,2,Compact
train_1350.npy,train,2,Compact
train_1351.npy,train,2,Compact
train_1352.npy,train,2,Compact
train_1353.npy,train,2,Compact
train_1354.npy,train,2,Compact
train_1355.npy,train,2,Compact
train_1356.npy,train,2,Compact
train_1357.npy,train,2,Compact
valid_0125.npy,valid,2,Compact
train_1358.npy,train,2,Compact
train_1359.npy,train,2,Compact
train_1360.npy,train,2,Compact
train_1361.npy,train,2,Compact
valid_0126.npy,valid,2,Compact
test_0127.npy,test,2,Compact
train_1362.npy,train,2,Compact
valid_0127.npy,valid,2,Compact
train_1363.npy,train,2,Compact
train_1364.npy,train,2,Compact
train_1365.npy,train,2,Compact
train_1366.npy,train,2,Compact
train_1367.npy,train,2,Compact
train_1368.npy,train,2,Compact
train_1369.npy,train,2,Compact
test_0128.npy,test,2,Compact
train_1370.npy,train,2,Compact
valid_0128.npy,valid,2,Compact
valid_0129.npy,valid,2,Compact
train_1371.npy,train,2,Compact
train_1372.npy,train,2,Compact
train_1373.npy,train,2,Compact
test_0129.npy,test,2,Compact
test_0130.npy,test,2,Compact
train_1374.npy,train,2,Compact
train_1375.npy,train,2,Compact
train_1376.npy,train,2,Compact
train_1377.npy,train,2,Compact
train_1378.npy,train,2,Compact
test_0131.npy,test,2,Compact
train_1379.npy,train,2,Compact
train_1380.npy,train,2,Compact
valid_0130.npy,valid,2,Compact
train_1381.npy,train,2,Compact
test_0132.npy,test,2,Compact
train_1382.npy,train,2,Compact
train_1383.npy,train,2,Compact
train_1384.npy,train,2,Compact
train_1385.npy,train,2,Compact
train_1386.npy,train,2,Compact
valid_0131.npy,valid,2,Compact
valid_0132.npy,valid,2,Compact
train_1387.npy,train,2,Compact
test_0133.npy,test,2,Compact
test_0134.npy,test,2,Compact
train_1388.npy,train,2,Compact
train_1389.npy,train,2,Compact
train_1390.npy,train,2,Compact
train_1391.npy,train,2,Compact
train_1392.npy,train,2,Compact
train_1393.npy,train,2,Compact
train_1394.npy,train,2,Compact
train_1395.npy,train,2,Compact
train_1396.npy,train,2,Compact
train_1397.npy,train,2,Compact
train_1398.npy,train,2,Compact
train_1399.npy,train,2,Compact
train_1400.npy,train,2,Compact
train_1401.npy,train,2,Compact
train_1402.npy,train,2,Compact
train_1403.npy,train,2,Compact
train_1404.npy,train,2,Compact
train_1405.npy,train,2,Compact
train_1406.npy,train,2,Compact
train_1407.npy,train,2,Compact
train_1408.npy,train,2,Compact
test_0135.npy,test,2,Compact
train_1409.npy,train,2,Compact
train_1410.npy,train,2,Compact
test_0136.npy,test,2,Compact
train_1411.npy,train,2,Compact
train_1412.npy,train,2,Compact
train_1413.npy,train,2,Compact
train_1414.npy,train,2,Compact
train_1415.npy,train,2,Compact
train_1416.npy,train,2,Compact
train_1417.npy,train,2,Compact
test_0137.npy,test,2,Compact
test_0138.npy,test,2,Compact
train_1418.npy,train,2,Compact
train_1419.npy,train,2,Compact
train_1420.npy,train,2,Compact
train_1421.npy,train,2,Compact
train_1422.npy,train,2,Compact
train_1423.npy,train,2,Compact
train_1424.npy,train,2,Compact
train_1425.npy,train,2,Compact
train_1426.npy,train,2,Compact
test_0139.npy,test,2,Compact
train_1427.npy,train,2,Compact
valid_0133.npy,valid,2,Compact
train_1428.npy,train,2,Compact
train_1429.npy,train,2,Compact
train_1430.npy,train,2,Compact
train_1431.npy,train,2,Compact
valid_0134.npy,valid,2,Compact
train_1432.npy,train,2,Compact
train_1433.npy,train,2,Compact
valid_0135.npy,valid,2,Compact
test_0140.npy,test,2,Compact
train_1434.npy,train,2,Compact
valid_0136.npy,valid,2,Compact
test_0141.npy,test,2,Compact
train_1435.npy,train,2,Compact
train_1436.npy,train,2,Compact
train_1437.npy,train,2,Compact
train_1438.npy,train,2,Compact
train_1439.npy,train,2,Compact
train_1440.npy,train,2,Compact
valid_0137.npy,valid,2,Compact
train_1441.npy,train,2,Compact
train_1442.npy,train,2,Compact
train_1443.npy,train,2,Compact
train_1444.npy,train,2,Compact
train_1445.npy,train,2,Compact
test_0142.npy,test,2,Compact
train_1446.npy,train,2,Compact
test_0143.npy,test,2,Compact
train_1447.npy,train,2,Compact
train_1448.npy,train,2,Compact
train_1449.npy,train,2,Compact
train_1450.npy,train,2,Compact
train_1451.npy,train,2,Compact
train_1452.npy,train,2,Compact
train_1453.npy,train,2,Compact
train_1454.npy,train,2,Compact
train_1455.npy,train,2,Compact
train_1456.npy,train,2,Compact
valid_0138.npy,valid,2,Compact
train_1457.npy,train,2,Compact
train_1458.npy,train,2,Compact
train_1459.npy,train,2,Compact
train_1460.npy,train,2,Compact
test_0144.npy,test,2,Compact
train_1461.npy,train,2,Compact
train_1462.npy,train,2,Compact
train_1463.npy,train,2,Compact
valid_0139.npy,valid,2,Compact
valid_0140.npy,valid,2,Compact
valid_0141.npy,valid,2,Compact
train_1464.npy,train,2,Compact
test_0145.npy,test,2,Compact
valid_0142.npy,valid,2,Compact
train_1465.npy,train,2,Compact
train_1466.npy,train,2,Compact
train_1467.npy,train,2,Compact
train_1468.npy,train,2,Compact
train_1469.npy,train,2,Compact
train_1470.npy,train,2,Compact
train_1471.npy,train,2,Compact
train_1472.npy,train,2,Compact
train_1473.npy,train,2,Compact
train_1474.npy,train,2,Compact
train_1475.npy,train,2,Compact
train_1476.npy,train,2,Compact
train_1477.npy,train,2,Compact
train_1478.npy,train,2,Compact
train_1479.npy,train,2,Compact
train_1480.npy,train,2,Compact
train_1481.npy,train,2,Compact
train_1482.npy,train,2,Compact
test_0146.npy,test,2,Compact
test_0147.npy,test,2,Compact
train_1483.npy,train,2,Compact
train_1484.npy,train,2,Compact
train_1485.npy,train,2,Compact
valid_0143.npy,valid,2,Compact
train_1486.npy,train,2,Compact
test_0148.npy,test,2,Compact
train_1487.npy,train,2,Compact
train_1488.npy,train,2,Compact
train_1489.npy,train,2,Compact
train_1490.npy,train,2,Compact
train_1491.npy,train,2,Compact
valid_0144.npy,valid,2,Compact
train_1492.npy,train,2,Compact
train_1493.npy,train,2,Compact
train_1494.npy,train,2,Compact
train_1495.npy,train,2,Compact
train_1496.npy,train,2,Compact
train_1497.npy,train,2,Compact
valid_0145.npy,valid,2,Compact
train_1498.npy,train,2,Compact
train_1499.npy,train,2,Compact
valid_0146.npy,valid,2,Compact
train_1500.npy,train,2,Compact
train_1501.npy,train,2,Compact
train_1502.npy,train,2,Compact
train_1503.npy,train,2,Compact
valid_0147.npy,valid,2,Compact
train_1504.npy,train,2,Compact
train_1505.npy,train,2,Compact
train_1506.npy,train,2,Compact
train_1507.npy,train,2,Compact
test_0149.npy,test,2,Compact
valid_0148.npy,valid,2,Compact
train_1508.npy,train,2,Compact
valid_0149.npy,valid,2,Compact
train_1509.npy,train,2,Compact
test_0150.npy,test,3,Bent
test_0151.npy,test,3,Bent
test_0152.npy,test,3,Bent
test_0153.npy,test,3,Bent
test_0154.npy,test,3,Bent
test_0155.npy,test,3,Bent
test_0156.npy,test,3,Bent
train_1510.npy,train,3,Bent
train_1511.npy,train,3,Bent
valid_0150.npy,valid,3,Bent
train_1512.npy,train,3,Bent
test_0157.npy,test,3,Bent
train_1513.npy,train,3,Bent
train_1514.npy,train,3,Bent
train_1515.npy,train,3,Bent
train_1516.npy,train,3,Bent
train_1517.npy,train,3,Bent
valid_0151.npy,valid,3,Bent
valid_0152.npy,valid,3,Bent
train_1518.npy,train,3,Bent
train_1519.npy,train,3,Bent
train_1520.npy,train,3,Bent
train_1521.npy,train,3,Bent
train_1522.npy,train,3,Bent
train_1523.npy,train,3,Bent
train_1524.npy,train,3,Bent
valid_0153.npy,valid,3,Bent
train_1525.npy,train,3,Bent
train_1526.npy,train,3,Bent
train_1527.npy,train,3,Bent
train_1528.npy,train,3,Bent
valid_0154.npy,valid,3,Bent
train_1529.npy,train,3,Bent
test_0158.npy,test,3,Bent
train_1530.npy,train,3,Bent
train_1531.npy,train,3,Bent
test_0159.npy,test,3,Bent
train_1532.npy,train,3,Bent
train_1533.npy,train,3,Bent
train_1534.npy,train,3,Bent
test_0160.npy,test,3,Bent
train_1535.npy,train,3,Bent
train_1536.npy,train,3,Bent
train_1537.npy,train,3,Bent
train_1538.npy,train,3,Bent
train_1539.npy,train,3,Bent
train_1540.npy,train,3,Bent
valid_0155.npy,valid,3,Bent
train_1541.npy,train,3,Bent
train_1542.npy,train,3,Bent
valid_0156.npy,valid,3,Bent
train_1543.npy,train,3,Bent
train_1544.npy,train,3,Bent
train_1545.npy,train,3,Bent
train_1546.npy,train,3,Bent
train_1547.npy,train,3,Bent
train_1548.npy,train,3,Bent
train_1549.npy,train,3,Bent
train_1550.npy,train,3,Bent
test_0161.npy,test,3,Bent
valid_0157.npy,valid,3,Bent
train_1551.npy,train,3,Bent
train_1552.npy,train,3,Bent
train_1553.npy,train,3,Bent
train_1554.npy,train,3,Bent
train_1555.npy,train,3,Bent
train_1556.npy,train,3,Bent
valid_0158.npy,valid,3,Bent
train_1557.npy,train,3,Bent
train_1558.npy,train,3,Bent
train_1559.npy,train,3,Bent
train_1560.npy,train,3,Bent
train_1561.npy,train,3,Bent
train_1562.npy,train,3,Bent
valid_0159.npy,valid,3,Bent
train_1563.npy,train,3,Bent
train_1564.npy,train,3,Bent
train_1565.npy,train,3,Bent
train_1566.npy,train,3,Bent
train_1567.npy,train,3,Bent
train_1568.npy,train,3,Bent
train_1569.npy,train,3,Bent
train_1570.npy,train,3,Bent
train_1571.npy,train,3,Bent
valid_0160.npy,valid,3,Bent
train_1572.npy,train,3,Bent
train_1573.npy,train,3,Bent
train_1574.npy,train,3,Bent
train_1575.npy,train,3,Bent
train_1576.npy,train,3,Bent
train_1577.npy,train,3,Bent
valid_0161.npy,valid,3,Bent
train_1578.npy,train,3,Bent
valid_0162.npy,valid,3,Bent
train_1579.npy,train,3,Bent
valid_0163.npy,valid,3,Bent
train_1580.npy,train,3,Bent
train_1581.npy,train,3,Bent
train_1582.npy,train,3,Bent
valid_0164.npy,valid,3,Bent
valid_0165.npy,valid,3,Bent
test_0162.npy,test,3,Bent
train_1583.npy,train,3,Bent
train_1584.npy,train,3,Bent
train_1585.npy,train,3,Bent
train_1586.npy,train,3,Bent
train_1587.npy,train,3,Bent
train_1588.npy,train,3,Bent
test_0163.npy,test,3,Bent
train_1589.npy,train,3,Bent
train_1590.npy,train,3,Bent
train_1591.npy,train,3,Bent
train_1592.npy,train,3,Bent
test_0164.npy,test,3,Bent
train_1593.npy,train,3,Bent
train_1594.npy,train,3,Bent
train_1595.npy,train,3,Bent
train_1596.npy,train,3,Bent
test_0165.npy,test,3,Bent
train_1597.npy,train,3,Bent
test_0166.npy,test,3,Bent
train_1598.npy,train,3,Bent
train_1599.npy,train,3,Bent
train_1600.npy,train,3,Bent
train_1601.npy,train,3,Bent
train_1602.npy,train,3,Bent
train_1603.npy,train,3,Bent
valid_0166.npy,valid,3,Bent
valid_0167.npy,valid,3,Bent
train_1604.npy,train,3,Bent
train_1605.npy,train,3,Bent
train_1606.npy,train,3,Bent
train_1607.npy,train,3,Bent
train_1608.npy,train,3,Bent
train_1609.npy,train,3,Bent
valid_0168.npy,valid,3,Bent
train_1610.npy,train,3,Bent
test_0167.npy,test,3,Bent
train_1611.npy,train,3,Bent
valid_0169.npy,valid,3,Bent
valid_0170.npy,valid,3,Bent
test_0168.npy,test,3,Bent
test_0169.npy,test,3,Bent
test_0170.npy,test,3,Bent
test_0171.npy,test,3,Bent
train_1612.npy,train,3,Bent
test_0172.npy,test,3,Bent
train_1613.npy,train,3,Bent
train_1614.npy,train,3,Bent
train_1615.npy,train,3,Bent
train_1616.npy,train,3,Bent
test_0173.npy,test,3,Bent
train_1617.npy,train,3,Bent
train_1618.npy,train,3,Bent
train_1619.npy,train,3,Bent
test_0174.npy,test,3,Bent
train_1620.npy,train,3,Bent
train_1621.npy,train,3,Bent
train_1622.npy,train,3,Bent
train_1623.npy,train,3,Bent
train_1624.npy,train,3,Bent
train_1625.npy,train,3,Bent
valid_0171.npy,valid,3,Bent
train_1626.npy,train,3,Bent
train_1627.npy,train,3,Bent
valid_0172.npy,valid,3,Bent
test_0175.npy,test,3,Bent
test_0176.npy,test,3,Bent
test_0177.npy,test,3,Bent
test_0178.npy,test,3,Bent
test_0179.npy,test,3,Bent
test_0180.npy,test,3,Bent
test_0181.npy,test,3,Bent
test_0182.npy,test,3,Bent
test_0183.npy,test,3,Bent
train_1628.npy,train,3,Bent
train_1629.npy,train,3,Bent
valid_0173.npy,valid,3,Bent
test_0184.npy,test,3,Bent
train_1630.npy,train,3,Bent
train_1631.npy,train,3,Bent
valid_0174.npy,valid,3,Bent
train_1632.npy,train,3,Bent
train_1633.npy,train,3,Bent
test_0185.npy,test,3,Bent
train_1634.npy,train,3,Bent
train_1635.npy,train,3,Bent
train_1636.npy,train,3,Bent
train_1637.npy,train,3,Bent
train_1638.npy,train,3,Bent
train_1639.npy,train,3,Bent
test_0186.npy,test,3,Bent
train_1640.npy,train,3,Bent
train_1641.npy,train,3,Bent
train_1642.npy,train,3,Bent
train_1643.npy,train,3,Bent
train_1644.npy,train,3,Bent
train_1645.npy,train,3,Bent
train_1646.npy,train,3,Bent
valid_0175.npy,valid,3,Bent
train_1647.npy,train,3,Bent
valid_0176.npy,valid,3,Bent
valid_0177.npy,valid,3,Bent
train_1648.npy,train,3,Bent
train_1649.npy,train,3,Bent
train_1650.npy,train,3,Bent
train_1651.npy,train,3,Bent
train_1652.npy,train,3,Bent
train_1653.npy,train,3,Bent
test_0187.npy,test,3,Bent
train_1654.npy,train,3,Bent
valid_0178.npy,valid,3,Bent
valid_0179.npy,valid,3,Bent
valid_0180.npy,valid,3,Bent
valid_0181.npy,valid,3,Bent
test_0188.npy,test,3,Bent
valid_0182.npy,valid,3,Bent
train_1655.npy,train,3,Bent
train_1656.npy,train,3,Bent
train_1657.npy,train,3,Bent
train_1658.npy,train,3,Bent
train_1659.npy,train,3,Bent
train_1660.npy,train,3,Bent
train_1661.npy,train,3,Bent
train_1662.npy,train,3,Bent
test_0189.npy,test,3,Bent
valid_0183.npy,valid,3,Bent
test_0190.npy,test,3,Bent
test_0191.npy,test,3,Bent
train_1663.npy,train,3,Bent
train_1664.npy,train,3,Bent
train_1665.npy,train,3,Bent
test_0192.npy,test,3,Bent
test_0193.npy,test,3,Bent
train_1666.npy,train,3,Bent
train_1667.npy,train,3,Bent
valid_0184.npy,valid,3,Bent
valid_0185.npy,valid,3,Bent
train_1668.npy,train,3,Bent
train_1669.npy,train,3,Bent
train_1670.npy,train,3,Bent
train_1671.npy,train,3,Bent
valid_0186.npy,valid,3,Bent
train_1672.npy,train,3,Bent
train_1673.npy,train,3,Bent
valid_0187.npy,valid,3,Bent
train_1674.npy,train,3,Bent
train_1675.npy,train,3,Bent
train_1676.npy,train,3,Bent
train_1677.npy,train,3,Bent
train_1678.npy,train,3,Bent
train_1679.npy,train,3,Bent
valid_0188.npy,valid,3,Bent
test_0194.npy,test,3,Bent
train_1680.npy,train,3,Bent
train_1681.npy,train,3,Bent
train_1682.npy,train,3,Bent
train_1683.npy,train,3,Bent
train_1684.npy,train,3,Bent
train_1685.npy,train,3,Bent
valid_0189.npy,valid,3,Bent
train_1686.npy,train,3,Bent
train_1687.npy,train,3,Bent
train_1688.npy,train,3,Bent
train_1689.npy,train,3,Bent
train_1690.npy,train,3,Bent
valid_0190.npy,valid,3,Bent
train_1691.npy,train,3,Bent
valid_0191.npy,valid,3,Bent
test_0195.npy,test,3,Bent
test_0196.npy,test,3,Bent
train_1692.npy,train,3,Bent
train_1693.npy,train,3,Bent
train_1694.npy,train,3,Bent
train_1695.npy,train,3,Bent
train_1696.npy,train,3,Bent
train_1697.npy,train,3,Bent
train_1698.npy,train,3,Bent
train_1699.npy,train,3,Bent
train_1700.npy,train,3,Bent
train_1701.npy,train,3,Bent
train_1702.npy,train,3,Bent
train_1703.npy,train,3,Bent
train_1704.npy,train,3,Bent
train_1705.npy,train,3,Bent
train_1706.npy,train,3,Bent
train_1707.npy,train,3,Bent
train_1708.npy,train,3,Bent
train_1709.npy,train,3,Bent
valid_0192.npy,valid,3,Bent
train_1710.npy,train,3,Bent
train_1711.npy,train,3,Bent
train_1712.npy,train,3,Bent
train_1713.npy,train,3,Bent
test_0197.npy,test,3,Bent
train_1714.npy,train,3,Bent
train_1715.npy,train,3,Bent
train_1716.npy,train,3,Bent
train_1717.npy,train,3,Bent
train_1718.npy,train,3,Bent
train_1719.npy,train,3,Bent
train_1720.npy,train,3,Bent
valid_0193.npy,valid,3,Bent
train_1721.npy,train,3,Bent
valid_0194.npy,valid,3,Bent
train_1722.npy,train,3,Bent
valid_0195.npy,valid,3,Bent
train_1723.npy,train,3,Bent
train_1724.npy,train,3,Bent
train_1725.npy,train,3,Bent
train_1726.npy,train,3,Bent
test_0198.npy,test,3,Bent
train_1727.npy,train,3,Bent
train_1728.npy,train,3,Bent
train_1729.npy,train,3,Bent
train_1730.npy,train,3,Bent
train_1731.npy,train,3,Bent
train_1732.npy,train,3,Bent
train_1733.npy,train,3,Bent
train_1734.npy,train,3,Bent
train_1735.npy,train,3,Bent
train_1736.npy,train,3,Bent
valid_0196.npy,valid,3,Bent
train_1737.npy,train,3,Bent
train_1738.npy,train,3,Bent
train_1739.npy,train,3,Bent
valid_0197.npy,valid,3,Bent
train_1740.npy,train,3,Bent
train_1741.npy,train,3,Bent
train_1742.npy,train,3,Bent
train_1743.npy,train,3,Bent
train_1744.npy,train,3,Bent
train_1745.npy,train,3,Bent
train_1746.npy,train,3,Bent
train_1747.npy,train,3,Bent
train_1748.npy,train,3,Bent
train_1749.npy,train,3,Bent
train_1750.npy,train,3,Bent
train_1751.npy,train,3,Bent
valid_0198.npy,valid,3,Bent
train_1752.npy,train,3,Bent
train_1753.npy,train,3,Bent
train_1754.npy,train,3,Bent
train_1755.npy,train,3,Bent
train_1756.npy,train,3,Bent
valid_0199.npy,valid,3,Bent
train_1757.npy,train,3,Bent
test_0199.npy,test,3,Bent
